<?xml version="1.0" encoding="UTF-8"?>
<project-private xmlns="http://www.netbeans.org/ns/project-private/1">
    <editor-bookmarks xmlns="http://www.netbeans.org/ns/editor-bookmarks/2" lastBookmarkId="0"/>
    <open-files xmlns="http://www.netbeans.org/ns/projectui-open-files/2">
        <group>
            <file>file:/C:/Users/diego/OneDrive/Documentos/NetBeansProjects/recursosHumanosIUD/src/dto/FuncionarioDto.java</file>
            <file>file:/C:/Users/diego/OneDrive/Documentos/NetBeansProjects/recursosHumanosIUD/src/recursos_db/db.sql</file>
            <file>file:/C:/Users/diego/OneDrive/Documentos/NetBeansProjects/recursosHumanosIUD/src/dao/FuncionarioDaoImpl.java</file>
            <file>file:/C:/Users/diego/OneDrive/Documentos/NetBeansProjects/recursosHumanosIUD/src/model/Funcionario.java</file>
            <file>file:/C:/Users/diego/OneDrive/Documentos/NetBeansProjects/recursosHumanosIUD/src/controlador/FuncionarioControlador.java</file>
            <file>file:/C:/Users/diego/OneDrive/Documentos/NetBeansProjects/recursosHumanosIUD/src/vista/VistaUsuario.java</file>
            <file>file:/C:/Users/diego/OneDrive/Documentos/NetBeansProjects/recursosHumanosIUD/src/dao/FuncionarioDao.java</file>
            <file>file:/C:/Users/diego/OneDrive/Documentos/NetBeansProjects/recursosHumanosIUD/src/utilidades/Mensajes.java</file>
        </group>
    </open-files>
</project-private>
